cluster_id,n_nodes,n_seed,sum_kzt_internal,top_gids,hypothesis
0,260,1,28308179.389999997,100000000661912100;100000003131016100;100000008576243100;100000002398779100;100000004299488100,Возможно завершение потоков или обрезка по глубине; доминирует terminal (166/260); seed=1.
1,169,5,22321373.85,100000002741024100;100000007629096100;100000003684369100;100000004539443100;100000008165763100,Возможно завершение потоков или обрезка по глубине; доминирует terminal (118/169); seed=5.
2,121,4,19946834.02,100000001677929100;100000004221668100;100000002394199100;100000005171642100;100000001616816100,Возможно завершение потоков или обрезка по глубине; доминирует terminal (72/121); seed=4.
3,166,8,22599859.560000002,100000000706545100;100000006901046100;100000003886323100;100000007749092100;100000005339662100,Возможно завершение потоков или обрезка по глубине; доминирует terminal (101/166); seed=8.
4,104,1,21747439.59,100000006443391100;100000002838861100;100000006385877100;100000002812641100;100000002613929100,Возможно завершение потоков или обрезка по глубине; доминирует terminal (83/104); seed=1.
5,5,0,1189154.0,100000004691350100;100000000291906100;100000000291908100;100000004670388100;100000004722630100,Преобладают периферийные узлы; доминирует peripheral (2/5); seed=0.
6,53,1,3021863.0,100000004692798100;100000000831684100;100000001899164100;100000002193259100;100000000297649100,Возможно завершение потоков или обрезка по глубине; доминирует terminal (34/53); seed=1.
7,120,0,16045757.0,100000005140601100;100000001600934100;100000008603629100;100000005367180100;100000008097580100,Возможно завершение потоков или обрезка по глубине; доминирует terminal (81/120); seed=0.
8,6,1,1615030.0,100000008659445100;100000008736940100;100000008751429100;100000005456919100;100000008193577100,Преобладают периферийные узлы; доминирует peripheral (4/6); seed=1.
9,129,1,26275380.330000002,100000008324800100;100000007390016100;100000004759121100;100000006844768100;100000001611488100,Возможно завершение потоков или обрезка по глубине; доминирует terminal (94/129); seed=1.
10,69,1,7400997.0,100000002941114100;100000005168487100;100000003115284100;100000003360542100;100000003622955100,Возможно завершение потоков или обрезка по глубине; доминирует terminal (42/69); seed=1.
11,50,3,4135421.0,100000005074393100;100000006424479100;100000003270419100;100000001236706100;100000000375150100,Возможно завершение потоков или обрезка по глубине; доминирует terminal (29/50); seed=3.
12,15,0,850450.0,100000008471634100;100000002472632100;100000001526235100;100000000404740100;100000007811950100,Возможно завершение потоков или обрезка по глубине; доминирует terminal (8/15); seed=0.
13,15,0,3626010.0,100000008461532100;100000003470579100;100000000791285100;100000002514975100;100000006704530100,Возможно завершение потоков или обрезка по глубине; доминирует terminal (11/15); seed=0.
14,24,0,3340669.0,100000008213966100;100000000838385100;100000007382543100;100000004017410100;100000005767403100,Возможно завершение потоков или обрезка по глубине; доминирует terminal (12/24); seed=0.
15,1,1,0.0,100000000456947100,Преобладают периферийные узлы; доминирует peripheral (1/1); seed=1.
16,61,0,4350466.67,100000005704413100;100000008136608100;100000003671721100;100000004655046100;100000008335401100,Возможно завершение потоков или обрезка по глубине; доминирует terminal (49/61); seed=0.
17,7,0,143000.0,100000005911352100;100000003962994100;100000002217806100;100000004549591100;100000004508696100,Возможно завершение потоков или обрезка по глубине; доминирует terminal (4/7); seed=0.
18,8,0,2473417.91,100000008175078100;100000008675322100;100000000557536100;100000008349740100;100000004911971100,Возможно завершение потоков или обрезка по глубине; доминирует terminal (7/8); seed=0.
19,17,1,21586840.0,100000002224132100;100000004603109100;100000004892144100;100000000594783100;100000000552584100,Преобладают периферийные узлы; доминирует peripheral (11/17); seed=1.
20,270,1,10178044.0,100000002733905100;100000001166289100;100000005342513100;100000002527114100;100000001697501100,Возможно завершение потоков или обрезка по глубине; доминирует terminal (254/270); seed=1.
21,6,1,1527967.0,100000000580561100;100000007939160100;100000005183943100;100000007930878100;100000000955444100,Преобладают периферийные узлы; доминирует peripheral (3/6); seed=1.
22,51,0,13990812.0,100000002308091100;100000001311175100;100000005242320100;100000004400480100;100000008130868100,Возможно завершение потоков или обрезка по глубине; доминирует terminal (42/51); seed=0.
23,2,0,761255.0,100000004586598100;100000000583220100,Преобладают периферийные узлы; доминирует peripheral (1/2); seed=0.
24,18,0,711010.0,100000004552204100;100000002214207100;100000007322059100;100000003646145100;100000004066370100,Возможно завершение потоков или обрезка по глубине; доминирует terminal (10/18); seed=0.
25,13,1,1392916.0,100000001380054100;100000004463277100;100000003164661100;100000006232815100;100000004192865100,Преобладают периферийные узлы; доминирует peripheral (7/13); seed=1.
26,41,0,5151924.1899999995,100000002686226100;100000000608031100;100000008327791100;100000002320495100;100000008649416100,Возможно завершение потоков или обрезка по глубине; доминирует terminal (27/41); seed=0.
27,18,0,3422800.0,100000003701161100;100000002267998100;100000003718221100;100000000611474100;100000008027922100,Возможно завершение потоков или обрезка по глубине; доминирует terminal (11/18); seed=0.
28,7,0,3077000.0,100000001053894100;100000002594214100;100000002241986100;100000004047887100;100000001286703100,Возможно завершение потоков или обрезка по глубине; доминирует terminal (6/7); seed=0.
29,4,0,518000.0,100000003163886100;100000002205022100;100000000629812100;100000001380107100,Возможно завершение потоков или обрезка по глубине; доминирует terminal (3/4); seed=0.
30,20,0,617900.0,100000002229615100;100000003154105100;100000006308406100;100000002448088100;100000004777215100,Возможно завершение потоков или обрезка по глубине; доминирует terminal (15/20); seed=0.
31,13,0,6748650.0,100000000673868100;100000008258083100;100000007442518100;100000004673335100;100000003173783100,Возможно завершение потоков или обрезка по глубине; доминирует terminal (10/13); seed=0.
32,17,1,2977887.0,100000004144536100;100000002257794100;100000001330595100;100000004007116100;100000003603979100,Возможно завершение потоков или обрезка по глубине; доминирует terminal (8/17); seed=1.
33,30,0,8045494.0,100000002622822100;100000001887715100;100000002540033100;100000001714173100;100000005241556100,Возможно завершение потоков или обрезка по глубине; доминирует terminal (19/30); seed=0.
34,11,0,3784703.0,100000002175422100;100000003696422100;100000003557488100;100000002710570100;100000002975437100,Возможно завершение потоков или обрезка по глубине; доминирует terminal (6/11); seed=0.
35,3,1,450000.0,100000000769919100;100000002371751100;100000007018630100,Преобладают периферийные узлы; доминирует peripheral (1/3); seed=1.
36,9,0,1406982.0,100000002217161100;100000001445848100;100000007647294100;100000002242066100;100000000954884100,Возможно завершение потоков или обрезка по глубине; доминирует terminal (6/9); seed=0.
37,4,1,1404980.0,100000008601794100;100000001872484100;100000002459163100;100000000785800100,Преобладают периферийные узлы; доминирует peripheral (2/4); seed=1.
38,49,1,10539332.84,100000005933757100;100000001937767100;100000002605308100;100000004159526100;100000004403675100,Возможно завершение потоков или обрезка по глубине; доминирует terminal (35/49); seed=1.
39,51,1,8995500.620000001,100000002781227100;100000002796853100;100000005413948100;100000005367445100;100000002671326100,Возможно завершение потоков или обрезка по глубине; доминирует terminal (34/51); seed=1.
40,26,0,2990118.0,100000008546855100;100000004350094100;100000007689942100;100000008582730100;100000005628518100,Возможно завершение потоков или обрезка по глубине; доминирует terminal (16/26); seed=0.
41,4,0,1595700.0,100000001131403100;100000001052945100;100000004616845100;100000005146665100,Возможно завершение потоков или обрезка по глубине; доминирует terminal (3/4); seed=0.
42,4,0,832800.0,100000001065234100;100000008625905100;100000002194320100;100000003159641100,Преобладают периферийные узлы; доминирует peripheral (2/4); seed=0.
43,29,0,446070.0,100000004891562100;100000002706810100;100000008715513100;100000002670463100;100000008460102100,Возможно завершение потоков или обрезка по глубине; доминирует terminal (28/29); seed=0.
44,5,0,172000.0,100000002700161100;100000004659919100;100000008461217100;100000005031696100;100000001223977100,Преобладают периферийные узлы; доминирует peripheral (3/5); seed=0.
45,2,0,155000.0,100000007511780100;100000001439416100,Преобладают периферийные узлы; доминирует peripheral (1/2); seed=0.
46,21,13,1976116.0,100000005382566100;100000004041163100;100000005523088100;100000008516839100;100000005668605100,Преобладают периферийные узлы; доминирует peripheral (14/21); seed=13.
47,5,0,338950.0,100000008190411100;100000003133045100;100000004747154100;100000001498732100;100000004715209100,Возможно завершение потоков или обрезка по глубине; доминирует terminal (4/5); seed=0.
48,6,0,2540000.0,100000004717647100;100000004479404100;100000002922000100;100000002659103100;100000001533161100,Возможно завершение потоков или обрезка по глубине; доминирует terminal (4/6); seed=0.
49,8,3,4597161.0,100000003404627100;100000001732159100;100000008637537100;100000008314203100;100000008232832100,Преобладают периферийные узлы; доминирует peripheral (5/8); seed=3.
50,3,0,120000.0,100000001733216100;100000002505277100;100000003221510100,Возможно завершение потоков или обрезка по глубине; доминирует terminal (2/3); seed=0.
51,4,1,79050.0,100000003148220100;100000001852140100;100000004971871100;100000006888238100,Преобладают периферийные узлы; доминирует peripheral (3/4); seed=1.
52,5,0,1138730.0,100000007330432100;100000003692843100;100000003321895100;100000008430691100;100000002371892100,Возможно завершение потоков или обрезка по глубине; доминирует terminal (3/5); seed=0.
53,6,1,275885.0,100000005895525100;100000002462183100;100000005056870100;100000007175718100;100000005807278100,Возможно завершение потоков или обрезка по глубине; доминирует terminal (5/6); seed=1.
54,4,0,332709.0,100000004610802100;100000002516862100;100000002513028100;100000004780083100,Возможно завершение потоков или обрезка по глубине; доминирует terminal (3/4); seed=0.
55,6,0,2534500.0,100000005075949100;100000004722765100;100000003747133100;100000002578653100;100000006527156100,Возможно завершение потоков или обрезка по глубине; доминирует terminal (4/6); seed=0.
56,5,1,2809200.0,100000004135268100;100000008571433100;100000004979498100;100000007507343100;100000002738256100,Преобладают периферийные узлы; доминирует peripheral (2/5); seed=1.
57,6,0,720900.0,100000006638021100;100000008333492100;100000002794374100;100000008761219100;100000008770483100,Возможно завершение потоков или обрезка по глубине; доминирует terminal (4/6); seed=0.
58,2,1,30000.0,100000003980083100;100000003200071100,Преобладают периферийные узлы; доминирует peripheral (1/2); seed=1.
59,1,1,0.0,100000003265658100,Преобладают периферийные узлы; доминирует peripheral (1/1); seed=1.
60,1,1,0.0,100000003349739100,Преобладают периферийные узлы; доминирует peripheral (1/1); seed=1.
61,7,0,1765600.0,100000007865484100;100000008551752100;100000003631015100;100000004976946100;100000005745873100,Возможно завершение потоков или обрезка по глубине; доминирует terminal (6/7); seed=0.
62,7,0,1268308.0,100000008011159100;100000006232642100;100000006169033100;100000005754335100;100000003664994100,Возможно завершение потоков или обрезка по глубине; доминирует terminal (5/7); seed=0.
63,1,1,0.0,100000003770083100,Преобладают периферийные узлы; доминирует peripheral (1/1); seed=1.
64,2,1,81465.0,100000003865939100;100000005392290100,Преобладают периферийные узлы; доминирует peripheral (1/2); seed=1.
65,1,1,0.0,100000004021459100,Преобладают периферийные узлы; доминирует peripheral (1/1); seed=1.
66,3,0,1557988.0,100000004035925100;100000008619159100;100000008258458100,Возможно завершение потоков или обрезка по глубине; доминирует terminal (2/3); seed=0.
67,6,1,383300.0,100000004331458100;100000005547096100;100000005546031100;100000004094958100;100000005363908100,Преобладают периферийные узлы; доминирует peripheral (2/6); seed=1.
68,1,1,0.0,100000004174835100,Преобладают периферийные узлы; доминирует peripheral (1/1); seed=1.
69,4,2,1499679.0,100000008418835100;100000008730021100;100000008701944100;100000004269433100,Преобладают периферийные узлы; доминирует peripheral (2/4); seed=2.
70,3,1,450816.0,100000005034574100;100000007283257100;100000004388983100,Возможно завершение потоков или обрезка по глубине; доминирует terminal (2/3); seed=1.
71,3,0,627870.0,100000004666651100;100000005664632100;100000008628231100,Возможно завершение потоков или обрезка по глубине; доминирует terminal (2/3); seed=0.
72,1,1,0.0,100000005017150100,Преобладают периферийные узлы; доминирует peripheral (1/1); seed=1.
73,1,1,0.0,100000005087431100,Преобладают периферийные узлы; доминирует peripheral (1/1); seed=1.
74,1,1,0.0,100000005235389100,Преобладают периферийные узлы; доминирует peripheral (1/1); seed=1.
75,1,1,0.0,100000005480435100,Преобладают периферийные узлы; доминирует peripheral (1/1); seed=1.
76,1,1,0.0,100000005495722100,Преобладают периферийные узлы; доминирует peripheral (1/1); seed=1.
77,1,1,0.0,100000005550592100,Преобладают периферийные узлы; доминирует peripheral (1/1); seed=1.
78,1,1,0.0,100000005560900100,Преобладают периферийные узлы; доминирует peripheral (1/1); seed=1.
79,1,1,0.0,100000005568407100,Преобладают периферийные узлы; доминирует peripheral (1/1); seed=1.
80,5,2,108007.0,100000006562026100;100000007347733100;100000008129393100;100000006249740100;100000006831291100,Возможно завершение потоков или обрезка по глубине; доминирует terminal (3/5); seed=2.
81,2,0,300000.0,100000008427027100;100000007898453100,Преобладают периферийные узлы; доминирует peripheral (1/2); seed=0.
82,1,1,0.0,100000008117324100,Преобладают периферийные узлы; доминирует peripheral (1/1); seed=1.
83,1,1,0.0,100000008205000100,Преобладают периферийные узлы; доминирует peripheral (1/1); seed=1.
84,1,1,0.0,100000008513251100,Преобладают периферийные узлы; доминирует peripheral (1/1); seed=1.
85,1,1,0.0,100000008669037100,Преобладают периферийные узлы; доминирует peripheral (1/1); seed=1.
86,1,1,0.0,100000008701222100,Преобладают периферийные узлы; доминирует peripheral (1/1); seed=1.
